date,rnu,emp,unemp
1/08/1966,1.8,"4,836.10",90.3
1/09/1966,1.8,"4,836.10",90.3
1/10/1966,1.7,"4,855.30",85.7
1/11/1966,1.7,"4,855.30",85.7
1/12/1966,1.7,"4,855.30",85.7
1/01/1967,1.8,"4,886.30",91
1/02/1967,1.8,"4,886.30",91
1/03/1967,1.8,"4,886.30",91
1/04/1967,2,"4,907.50",98.4
1/05/1967,2,"4,907.50",98.4
1/06/1967,2,"4,907.50",98.4
1/07/1967,1.9,"4,945.70",97.7
1/08/1967,1.9,"4,945.70",97.7
1/09/1967,1.9,"4,945.70",97.7
1/10/1967,1.8,"4,972.40",92.9
1/11/1967,1.8,"4,972.40",92.9
1/12/1967,1.8,"4,972.40",92.9
1/01/1968,1.9,"5,003.30",94.3
1/02/1968,1.9,"5,003.30",94.3
1/03/1968,1.9,"5,003.30",94.3
1/04/1968,1.9,"5,033.00",97.6
1/05/1968,1.9,"5,033.00",97.6
1/06/1968,1.9,"5,033.00",97.6
1/07/1968,1.8,"5,068.60",95.5
1/08/1968,1.8,"5,068.60",95.5
1/09/1968,1.8,"5,068.60",95.5
1/10/1968,1.7,"5,079.50",88.1
1/11/1968,1.7,"5,079.50",88.1
1/12/1968,1.7,"5,079.50",88.1
1/01/1969,1.8,"5,139.60",94.9
1/02/1969,1.8,"5,139.60",94.9
1/03/1969,1.8,"5,139.60",94.9
1/04/1969,1.8,"5,159.20",92.5
1/05/1969,1.8,"5,159.20",92.5
1/06/1969,1.8,"5,159.20",92.5
1/07/1969,1.7,"5,196.40",91.8
1/08/1969,1.7,"5,196.40",91.8
1/09/1969,1.7,"5,196.40",91.8
1/10/1969,1.9,"5,253.90",104.1
1/11/1969,1.9,"5,253.90",104.1
1/12/1969,1.9,"5,253.90",104.1
1/01/1970,1.6,"5,320.60",88.3
1/02/1970,1.6,"5,320.60",88.3
1/03/1970,1.6,"5,320.60",88.3
1/04/1970,1.7,"5,369.60",91.6
1/05/1970,1.7,"5,369.60",91.6
1/06/1970,1.7,"5,369.60",91.6
1/07/1970,1.7,"5,410.10",91.9
1/08/1970,1.7,"5,410.10",91.9
1/09/1970,1.7,"5,410.10",91.9
1/10/1970,1.6,"5,448.40",90.8
1/11/1970,1.6,"5,448.40",90.8
1/12/1970,1.6,"5,448.40",90.8
1/01/1971,1.7,"5,482.30",97.3
1/02/1971,1.7,"5,482.30",97.3
1/03/1971,1.7,"5,482.30",97.3
1/04/1971,1.9,"5,523.00",106.1
1/05/1971,1.9,"5,523.00",106.1
1/06/1971,1.9,"5,523.00",106.1
1/07/1971,1.9,"5,532.40",107.7
1/08/1971,1.9,"5,532.40",107.7
1/09/1971,1.9,"5,532.40",107.7
1/10/1971,2.2,"5,527.10",121.8
1/11/1971,2.2,"5,527.10",121.8
1/12/1971,2.2,"5,527.10",121.8
1/01/1972,2.4,"5,537.00",139
1/02/1972,2.4,"5,537.00",139
1/03/1972,2.4,"5,537.00",139
1/04/1972,2.4,"5,562.10",135
1/05/1972,2.4,"5,562.10",135
1/06/1972,2.4,"5,562.10",135
1/07/1972,2.9,"5,629.80",168.6
1/08/1972,2.9,"5,629.80",168.6
1/09/1972,2.9,"5,629.80",168.6
1/10/1972,2.8,"5,675.00",160.9
1/11/1972,2.8,"5,675.00",160.9
1/12/1972,2.8,"5,675.00",160.9
1/01/1973,2.6,"5,704.10",151.8
1/02/1973,2.6,"5,704.10",151.8
1/03/1973,2.6,"5,704.10",151.8
1/04/1973,2.3,"5,711.10",135.3
1/05/1973,2.3,"5,711.10",135.3
1/06/1973,2.3,"5,711.10",135.3
1/07/1973,2.1,"5,807.50",125.3
1/08/1973,2.1,"5,807.50",125.3
1/09/1973,2.1,"5,807.50",125.3
1/10/1973,2.1,"5,836.50",126.9
1/11/1973,2.1,"5,836.50",126.9
1/12/1973,2.1,"5,836.50",126.9
1/01/1974,2.1,"5,900.20",128.9
1/02/1974,2.1,"5,900.20",128.9
1/03/1974,2.1,"5,900.20",128.9
1/04/1974,2.1,"5,905.80",129.4
1/05/1974,2.1,"5,905.80",129.4
1/06/1974,2.1,"5,905.80",129.4
1/07/1974,2.7,"5,883.00",165.1
1/08/1974,2.7,"5,883.00",165.1
1/09/1974,2.7,"5,883.00",165.1
1/10/1974,4,"5,875.50",247.1
1/11/1974,4,"5,875.50",247.1
1/12/1974,4,"5,875.50",247.1
1/01/1975,4.8,"5,827.70",296.5
1/02/1975,4.8,"5,827.70",296.5
1/03/1975,4.8,"5,827.70",296.5
1/04/1975,4.8,"5,836.30",294.2
1/05/1975,4.8,"5,836.30",294.2
1/06/1975,4.8,"5,836.30",294.2
1/07/1975,4.7,"5,870.50",287.6
1/08/1975,4.7,"5,870.50",287.6
1/09/1975,4.7,"5,870.50",287.6
1/10/1975,5.4,"5,931.20",334.8
1/11/1975,5.4,"5,931.20",334.8
1/12/1975,5.4,"5,931.20",334.8
1/01/1976,4.9,"5,949.90",303.6
1/02/1976,4.9,"5,949.90",303.6
1/03/1976,4.9,"5,949.90",303.6
1/04/1976,4.5,"5,964.60",281.4
1/05/1976,4.5,"5,964.60",281.4
1/06/1976,4.5,"5,964.60",281.4
1/07/1976,4.8,"5,926.70",302
1/08/1976,4.8,"5,926.70",302
1/09/1976,4.8,"5,926.70",302
1/10/1976,4.9,"5,942.50",304.6
1/11/1976,4.9,"5,942.50",304.6
1/12/1976,4.9,"5,942.50",304.6
1/01/1977,5.2,"5,987.40",329.7
1/02/1977,5.2,"5,987.40",329.7
1/03/1977,5.2,"5,987.40",329.7
1/04/1977,5.6,"6,005.80",359.7
1/05/1977,5.6,"6,005.80",359.7
1/06/1977,5.6,"6,005.80",359.7
1/07/1977,5.8,"6,022.90",372.2
1/08/1977,5.8,"6,022.90",372.2
1/09/1977,5.8,"6,022.90",372.2
1/10/1977,5.9,"5,984.10",375.9
1/11/1977,5.9,"5,984.10",375.9
1/12/1977,5.9,"5,984.10",375.9
1/01/1978,6.6,"5,997.90",426.9
1/02/1978,6.6,"5,997.60",426.9
1/03/1978,6.3,"6,003.00",403.8
1/04/1978,6.3,"6,030.70",403.2
1/05/1978,6.2,"6,033.20",399.4
1/06/1978,6.3,"6,033.90",405.9
1/07/1978,6.2,"6,030.50",400.1
1/08/1978,6.5,"6,036.40",418.9
1/09/1978,6.3,"6,030.80",402.5
1/10/1978,6.2,"6,035.90",396.4
1/11/1978,6.3,"6,028.20",407.4
1/12/1978,6.4,"6,053.20",414.3
1/01/1979,6.4,"6,051.30",411.8
1/02/1979,6.3,"6,063.60",404.7
1/03/1979,6.3,"6,055.70",407.3
1/04/1979,6.5,"6,064.60",421.5
1/05/1979,6.2,"6,070.30",401.5
1/06/1979,6.3,"6,099.40",406.7
1/07/1979,6.3,"6,097.50",408.1
1/08/1979,6.1,"6,114.80",398.5
1/09/1979,6.2,"6,116.90",406.5
1/10/1979,6.4,"6,152.20",419.5
1/11/1979,6,"6,180.50",397.6
1/12/1979,6.1,"6,184.00",403.1
1/01/1980,6.1,"6,204.00",406.3
1/02/1980,6,"6,221.90",397
1/03/1980,5.9,"6,232.90",393.3
1/04/1980,6.1,"6,246.90",406.8
1/05/1980,6.2,"6,268.00",417.5
1/06/1980,6.3,"6,275.50",423.5
1/07/1980,6.1,"6,306.60",407.9
1/08/1980,6.2,"6,315.70",415.8
1/09/1980,6.1,"6,317.80",413.3
1/10/1980,6.1,"6,307.00",406.5
1/11/1980,5.8,"6,328.60",393.2
1/12/1980,6.1,"6,351.50",409.1
1/01/1981,5.9,"6,357.40",399.7
1/02/1981,5.6,"6,372.90",379.2
1/03/1981,5.7,"6,376.60",388.7
1/04/1981,5.6,"6,404.00",376.6
1/05/1981,5.6,"6,405.20",379.1
1/06/1981,5.4,"6,420.90",364.6
1/07/1981,5.8,"6,418.40",397.1
1/08/1981,5.8,"6,434.50",399.5
1/09/1981,5.8,"6,459.40",398.5
1/10/1981,5.9,"6,429.90",401.1
1/11/1981,6,"6,417.00",409.2
1/12/1981,6,"6,430.20",412.4
1/01/1982,6,"6,469.00",411.5
1/02/1982,6.3,"6,450.50",434.3
1/03/1982,6.3,"6,443.20",434.9
1/04/1982,6.3,"6,456.10",436.5
1/05/1982,6.6,"6,432.90",454
1/06/1982,6.8,"6,420.90",466
1/07/1982,6.9,"6,419.90",474.4
1/08/1982,7,"6,416.50",483.8
1/09/1982,7.4,"6,400.90",513.6
1/10/1982,8.3,"6,403.00",579.1
1/11/1982,8.7,"6,345.70",603.1
1/12/1982,9.4,"6,295.70",653.3
1/01/1983,9.3,"6,296.40",645.4
1/02/1983,9.7,"6,289.50",672.4
1/03/1983,10,"6,255.90",691.3
1/04/1983,10.2,"6,232.90",704.2
1/05/1983,10.3,"6,263.90",721
1/06/1983,10.2,"6,271.20",712.6
1/07/1983,10.5,"6,277.10",737.6
1/08/1983,10.2,"6,283.10",715.1
1/09/1983,10.3,"6,316.90",728.2
1/10/1983,10,"6,317.40",702.5
1/11/1983,9.7,"6,354.30",679
1/12/1983,9.5,"6,379.10",666.2
1/01/1984,9.5,"6,379.80",669.3
1/02/1984,9.4,"6,392.20",662
1/03/1984,9.2,"6,447.80",653.9
1/04/1984,9.4,"6,454.20",667.3
1/05/1984,8.9,"6,479.60",635.8
1/06/1984,9.1,"6,501.70",650.6
1/07/1984,8.9,"6,510.90",637.1
1/08/1984,8.8,"6,508.10",630.1
1/09/1984,8.7,"6,538.10",625.7
1/10/1984,8.7,"6,534.80",622.3
1/11/1984,8.7,"6,550.10",622.5
1/12/1984,8.5,"6,553.90",610.3
1/01/1985,8.6,"6,561.80",613.6
1/02/1985,8.4,"6,626.30",606.7
1/03/1985,8.7,"6,601.10",626.2
1/04/1985,8.4,"6,611.60",606.4
1/05/1985,8.4,"6,646.30",607.5
1/06/1985,8.6,"6,660.20",624.4
1/07/1985,8.3,"6,685.80",605.4
1/08/1985,8.2,"6,727.50",597.3
1/09/1985,8.1,"6,771.80",593.4
1/10/1985,7.8,"6,756.30",575.4
1/11/1985,7.9,"6,855.40",592
1/12/1985,7.8,"6,822.70",575.9
1/01/1986,7.8,"6,869.60",581.6
1/02/1986,8,"6,892.30",599.5
1/03/1986,7.9,"6,902.80",594.1
1/04/1986,7.9,"6,971.40",598
1/05/1986,7.8,"6,965.10",592.9
1/06/1986,7.7,"7,005.40",580.6
1/07/1986,8.1,"6,987.50",616.6
1/08/1986,8.2,"6,969.40",625.7
1/09/1986,8.3,"6,994.40",636.1
1/10/1986,8.3,"7,018.90",636
1/11/1986,8.3,"7,008.10",635.8
1/12/1986,8.4,"7,024.70",641
1/01/1987,8.2,"7,025.10",626.4
1/02/1987,8.2,"7,056.70",631.1
1/03/1987,8.4,"7,070.30",651.1
1/04/1987,8.3,"7,084.60",641.3
1/05/1987,8.2,"7,089.90",633.3
1/06/1987,8,"7,125.50",620.4
1/07/1987,8.1,"7,171.10",630
1/08/1987,8.1,"7,149.80",630.5
1/09/1987,7.8,"7,137.70",600
1/10/1987,8.1,"7,167.20",630.4
1/11/1987,7.9,"7,157.30",616.4
1/12/1987,7.7,"7,235.00",605.9
1/01/1988,7.6,"7,296.60",602.7
1/02/1988,7.4,"7,282.10",583.3
1/03/1988,7.5,"7,329.80",594.4
1/04/1988,7.9,"7,359.90",632.4
1/05/1988,7.4,"7,343.10",591.1
1/06/1988,7.6,"7,361.00",603.4
1/07/1988,6.8,"7,377.90",534.7
1/08/1988,7.1,"7,408.70",563.4
1/09/1988,6.9,"7,451.30",555.1
1/10/1988,6.8,"7,466.50",546.2
1/11/1988,6.6,"7,487.80",530.1
1/12/1988,6.8,"7,521.60",551.5
1/01/1989,6.8,"7,554.80",551.7
1/02/1989,6.6,"7,605.40",540.6
1/03/1989,6.3,"7,624.20",516.4
1/04/1989,6.2,"7,655.80",506.1
1/05/1989,6.3,"7,711.30",516.6
1/06/1989,6,"7,710.70",493.2
1/07/1989,6,"7,735.30",497.6
1/08/1989,5.9,"7,774.90",491.2
1/09/1989,6,"7,783.70",499.5
1/10/1989,5.9,"7,792.10",490.6
1/11/1989,5.8,"7,844.70",481.7
1/12/1989,5.8,"7,830.00",486.3
1/01/1990,6.1,"7,841.70",510.3
1/02/1990,6.4,"7,846.70",535.7
1/03/1990,6.2,"7,861.50",518.5
1/04/1990,6.3,"7,866.10",527.1
1/05/1990,6.5,"7,899.50",549.4
1/06/1990,6.6,"7,900.20",559
1/07/1990,7.1,"7,898.40",602.9
1/08/1990,7.2,"7,869.40",611.5
1/09/1990,7.4,"7,844.20",624.4
1/10/1990,7.6,"7,829.80",647.3
1/11/1990,7.9,"7,810.00",674
1/12/1990,8,"7,813.20",681.1
1/01/1991,8.4,"7,744.90",710.1
1/02/1991,8.6,"7,758.20",731.4
1/03/1991,9.2,"7,701.80",778.9
1/04/1991,9.9,"7,696.00",842
1/05/1991,9.5,"7,694.00",807.7
1/06/1991,9.5,"7,659.20",808.4
1/07/1991,9.7,"7,630.80",817.8
1/08/1991,9.8,"7,635.30",828.6
1/09/1991,10,"7,645.30",852.4
1/10/1991,10,"7,616.30",845
1/11/1991,10.2,"7,597.20",862.6
1/12/1991,10.5,"7,617.10",891.1
1/01/1992,10.3,"7,631.30",880.9
1/02/1992,10.4,"7,650.30",888.4
1/03/1992,10.5,"7,631.20",895
1/04/1992,10.5,"7,624.50",891.9
1/05/1992,10.6,"7,620.90",905.3
1/06/1992,10.8,"7,633.60",925.3
1/07/1992,11.1,"7,651.40",958.5
1/08/1992,10.7,"7,671.30",921.2
1/09/1992,10.6,"7,635.20",906.8
1/10/1992,11.1,"7,644.50",953.6
1/11/1992,11.1,"7,569.50",948.5
1/12/1992,11.2,"7,599.80",960.2
1/01/1993,10.8,"7,650.80",929.6
1/02/1993,11,"7,582.20",938.4
1/03/1993,10.9,"7,631.60",929.6
1/04/1993,10.8,"7,612.70",918.5
1/05/1993,10.8,"7,613.20",920.4
1/06/1993,11,"7,626.20",941.8
1/07/1993,10.9,"7,628.30",937.2
1/08/1993,11,"7,652.00",944
1/09/1993,10.7,"7,670.40",922.9
1/10/1993,11,"7,719.30",949.9
1/11/1993,10.9,"7,729.90",950.3
1/12/1993,10.8,"7,745.60",933.6
1/01/1994,10.6,"7,766.10",917.6
1/02/1994,10.4,"7,789.90",904
1/03/1994,10.4,"7,808.90",901.8
1/04/1994,10.1,"7,811.70",874
1/05/1994,9.8,"7,853.40",850
1/06/1994,9.8,"7,875.50",857.5
1/07/1994,9.6,"7,948.30",847
1/08/1994,9.4,"7,932.80",827.3
1/09/1994,9.4,"7,981.40",823.5
1/10/1994,9.1,"7,978.50",798
1/11/1994,9.1,"7,990.20",804
1/12/1994,8.9,"8,034.40",788.3
1/01/1995,8.9,"8,050.00",782.1
1/02/1995,8.8,"8,099.10",783.7
1/03/1995,8.6,"8,102.40",764
1/04/1995,8.3,"8,160.00",735.4
1/05/1995,8.5,"8,166.20",756.1
1/06/1995,8.4,"8,201.10",747.4
1/07/1995,8.4,"8,207.80",755.2
1/08/1995,8.3,"8,237.00",747.4
1/09/1995,8.4,"8,224.50",750.5
1/10/1995,8.6,"8,214.30",770.4
1/11/1995,8.5,"8,288.30",765.1
1/12/1995,8.1,"8,289.60",734.9
1/01/1996,8.5,"8,290.90",765.4
1/02/1996,8.3,"8,292.90",753.2
1/03/1996,8.4,"8,266.40",760.1
1/04/1996,8.6,"8,296.60",778.4
1/05/1996,8.4,"8,301.60",762.6
1/06/1996,8.3,"8,305.40",747.2
1/07/1996,8.6,"8,307.50",778.4
1/08/1996,8.7,"8,302.20",793.3
1/09/1996,8.6,"8,295.70",778.1
1/10/1996,8.8,"8,301.90",796.9
1/11/1996,8.5,"8,300.90",768.1
1/12/1996,8.6,"8,324.40",786.2
1/01/1997,8.6,"8,333.80",780.8
1/02/1997,8.7,"8,335.00",794.5
1/03/1997,8.6,"8,338.10",783.7
1/04/1997,8.6,"8,331.00",780.7
1/05/1997,8.5,"8,335.00",779
1/06/1997,8.3,"8,336.30",757.6
1/07/1997,8.6,"8,347.10",784.3
1/08/1997,8.5,"8,333.80",770.6
1/09/1997,8.1,"8,395.90",736.7
1/10/1997,8,"8,389.00",732.7
1/11/1997,8,"8,447.50",733.2
1/12/1997,7.9,"8,432.90",724.3
1/01/1998,7.9,"8,439.40",720.4
1/02/1998,7.8,"8,453.40",712.3
1/03/1998,7.9,"8,456.40",723.6
1/04/1998,7.6,"8,488.70",698.5
1/05/1998,7.8,"8,486.80",714.4
1/06/1998,7.8,"8,506.70",722.8
1/07/1998,8,"8,519.00",738.2
1/08/1998,7.8,"8,531.40",717.2
1/09/1998,7.6,"8,575.00",708.6
1/10/1998,7.3,"8,585.60",677.4
1/11/1998,7.6,"8,564.60",707
1/12/1998,7.2,"8,586.20",664.5
1/01/1999,7.1,"8,586.60",658
1/02/1999,7.1,"8,594.40",658.3
1/03/1999,7,"8,621.10",650.1
1/04/1999,7,"8,622.80",646.9
1/05/1999,7,"8,610.80",650.6
1/06/1999,6.7,"8,662.00",617.3
1/07/1999,6.7,"8,680.10",620.8
1/08/1999,6.9,"8,688.30",644.4
1/09/1999,7,"8,701.50",659.1
1/10/1999,6.8,"8,741.60",635.4
1/11/1999,6.4,"8,751.60",602.4
1/12/1999,6.7,"8,785.90",629.3
1/01/2000,6.8,"8,739.60",634.3
1/02/2000,6.6,"8,789.10",622.9
1/03/2000,6.6,"8,837.20",620.9
1/04/2000,6.4,"8,874.10",604.3
1/05/2000,6.4,"8,870.00",607.9
1/06/2000,6.1,"8,910.10",580.3
1/07/2000,6,"8,992.20",569.2
1/08/2000,6.1,"8,989.20",578.9
1/09/2000,6,"8,985.50",569.7
1/10/2000,6,"8,960.60",572.9
1/11/2000,6.3,"8,903.20",594.7
1/12/2000,6.2,"8,944.60",595.6
1/01/2001,6.1,"8,957.20",585.7
1/02/2001,6.5,"8,954.30",622.6
1/03/2001,6.5,"8,964.20",618.9
1/04/2001,6.8,"9,015.10",655.9
1/05/2001,6.9,"9,008.00",666.8
1/06/2001,6.9,"9,004.50",670.7
1/07/2001,6.9,"9,024.80",666.7
1/08/2001,6.9,"9,047.10",668.5
1/09/2001,6.8,"9,026.90",662.9
1/10/2001,7.2,"9,046.10",701.1
1/11/2001,6.9,"9,078.70",671
1/12/2001,6.9,"9,065.10",667.7
1/01/2002,6.9,"9,084.10",674.8
1/02/2002,6.5,"9,127.10",638.2
1/03/2002,6.4,"9,132.50",627.5
1/04/2002,6.3,"9,119.80",617.8
1/05/2002,6.4,"9,135.20",621.7
1/06/2002,6.5,"9,160.80",636.4
1/07/2002,6.2,"9,167.50",603.8
1/08/2002,6.3,"9,224.20",625.3
1/09/2002,6.3,"9,225.90",621.5
1/10/2002,6.1,"9,234.80",602.8
1/11/2002,6.2,"9,284.10",609.6
1/12/2002,6.2,"9,327.80",614.6
1/01/2003,6.1,"9,379.30",607.3
1/02/2003,6,"9,406.30",595.5
1/03/2003,6.1,"9,360.00",611.3
1/04/2003,6,"9,358.20",600.4
1/05/2003,6.1,"9,375.60",605.7
1/06/2003,6.1,"9,351.80",602.7
1/07/2003,6.1,"9,343.60",609.9
1/08/2003,5.8,"9,400.30",580.6
1/09/2003,5.8,"9,408.60",576.6
1/10/2003,5.8,"9,432.20",578.9
1/11/2003,5.7,"9,428.40",565.8
1/12/2003,5.7,"9,460.30",569.8
1/01/2004,5.5,"9,461.00",553.9
1/02/2004,5.6,"9,465.80",566
1/03/2004,5.4,"9,499.10",546.2
1/04/2004,5.5,"9,509.00",554.1
1/05/2004,5.3,"9,524.70",536.9
1/06/2004,5.5,"9,529.30",550.7
1/07/2004,5.5,"9,538.40",560.5
1/08/2004,5.5,"9,535.00",556.7
1/09/2004,5.4,"9,591.60",544.3
1/10/2004,5.1,"9,645.80",520.7
1/11/2004,5.2,"9,683.70",526.9
1/12/2004,5.1,"9,692.70",517.5
1/01/2005,5.1,"9,745.10",520.8
1/02/2005,5.1,"9,775.40",523.5
1/03/2005,5.2,"9,816.40",534.3
1/04/2005,5.1,"9,855.30",532
1/05/2005,5.1,"9,839.20",528.6
1/06/2005,4.9,"9,885.40",514.8
1/07/2005,5,"9,900.60",517.9
1/08/2005,4.9,"9,944.20",512.5
1/09/2005,5,"9,928.40",522.7
1/10/2005,5,"9,933.00",524.5
1/11/2005,4.9,"9,942.50",516.4
1/12/2005,5.1,"9,957.60",531.7
1/01/2006,5.2,"9,957.80",542
1/02/2006,5.1,"9,993.30",537.4
1/03/2006,4.9,"10,034.30",513.3
1/04/2006,5,"10,041.70",524.6
1/05/2006,4.8,"10,069.30",507.4
1/06/2006,4.8,"10,109.30",510.6
1/07/2006,4.7,"10,161.30",496.2
1/08/2006,4.7,"10,179.10",503.4
1/09/2006,4.7,"10,223.40",500.3
1/10/2006,4.5,"10,195.80",476.3
1/11/2006,4.5,"10,229.80",483.7
1/12/2006,4.6,"10,282.50",492.1
1/01/2007,4.6,"10,279.30",490.4
1/02/2007,4.6,"10,308.40",500.9
1/03/2007,4.5,"10,337.00",482.5
1/04/2007,4.4,"10,366.30",475.5
1/05/2007,4.3,"10,401.80",463.3
1/06/2007,4.3,"10,424.30",471.1
1/07/2007,4.3,"10,447.00",464
1/08/2007,4.3,"10,484.40",471
1/09/2007,4.2,"10,513.90",462.4
1/10/2007,4.3,"10,504.30",474.9
1/11/2007,4.4,"10,561.60",489.1
1/12/2007,4.3,"10,582.40",476.4
1/01/2008,4.2,"10,610.50",467.7
1/02/2008,4,"10,649.50",441.2
1/03/2008,4.1,"10,670.00",451.2
1/04/2008,4.3,"10,708.60",477.1
1/05/2008,4.3,"10,680.20",475.9
1/06/2008,4.2,"10,733.50",475.6
1/07/2008,4.2,"10,751.50",477.2
1/08/2008,4,"10,793.50",451.5
1/09/2008,4.3,"10,778.00",482.9
1/10/2008,4.3,"10,787.60",483.5
1/11/2008,4.5,"10,781.00",503.6
1/12/2008,4.6,"10,789.30",516.6
1/01/2009,4.9,"10,791.30",556.9
1/02/2009,5.3,"10,805.00",604.9
1/03/2009,5.7,"10,770.90",652.4
1/04/2009,5.5,"10,794.50",629.8
1/05/2009,5.8,"10,772.80",664.7
1/06/2009,5.9,"10,755.20",669.7
1/07/2009,5.7,"10,799.40",649.4
1/08/2009,5.7,"10,789.60",653.9
1/09/2009,5.7,"10,810.40",648.7
1/10/2009,5.6,"10,820.70",644.7
1/11/2009,5.6,"10,850.80",638.6
1/12/2009,5.5,"10,887.50",632.5
1/01/2010,5.3,"10,937.30",607.9
1/02/2010,5.3,"10,920.80",610.8
1/03/2010,5.4,"10,925.90",626.4
1/04/2010,5.5,"10,937.50",636.3
1/05/2010,5.2,"10,939.00",603.7
1/06/2010,5.1,"10,992.80",596.2
1/07/2010,5.3,"11,019.20",615.1
1/08/2010,5,"11,061.10",586.1
1/09/2010,5.1,"11,087.60",590.1
1/10/2010,5.3,"11,104.60",619.5
1/11/2010,5.1,"11,163.10",601
1/12/2010,4.9,"11,169.40",572.6
1/01/2011,5,"11,201.90",589.9
1/02/2011,5,"11,176.40",584.6
1/03/2011,4.9,"11,215.40",581.1
1/04/2011,5,"11,182.40",583.4
1/05/2011,5,"11,172.80",589.8
1/06/2011,4.9,"11,205.60",579.5
1/07/2011,5.1,"11,209.90",601.4
1/08/2011,5.3,"11,218.90",624.1
1/09/2011,5.2,"11,246.40",619.5
1/10/2011,5.2,"11,249.40",615.4
1/11/2011,5.2,"11,252.70",621
1/12/2011,5.2,"11,231.60",615.6
1/01/2012,5,"11,308.40",601.1
1/02/2012,5.2,"11,272.30",617.1
1/03/2012,5.2,"11,333.60",619.5
1/04/2012,5,"11,321.90",595.1
1/05/2012,5.2,"11,364.20",623.5
1/06/2012,5.2,"11,338.40",617.2
1/07/2012,5.2,"11,348.80",620.1
1/08/2012,5.2,"11,361.10",617.8
1/09/2012,5.5,"11,390.40",661.3
1/10/2012,5.4,"11,391.10",651.5
1/11/2012,5.3,"11,385.00",631.6
1/12/2012,5.4,"11,396.40",654.5
1/01/2013,5.4,"11,469.30",653.3
1/02/2013,5.4,"11,469.20",653.8
1/03/2013,5.6,"11,435.20",683.5
1/04/2013,5.6,"11,467.10",678.7
1/05/2013,5.6,"11,457.70",681.1
1/06/2013,5.7,"11,469.90",692.8
1/07/2013,5.6,"11,457.50",684.1
1/08/2013,5.8,"11,460.00",711.2
1/09/2013,5.7,"11,474.60",694.2
1/10/2013,5.8,"11,470.70",709.2
1/11/2013,5.8,"11,449.20",704.3
1/12/2013,5.9,"11,418.30",715.8
1/01/2014,5.9,"11,454.90",724.2
1/02/2014,5.9,"11,480.20",716.7
1/03/2014,5.9,"11,532.20",719.7
1/04/2014,5.8,"11,537.70",710.8
1/05/2014,5.9,"11,512.90",725.9
1/06/2014,6,"11,528.40",742.4
1/07/2014,6.2,"11,544.80",760.1
1/08/2014,6.1,"11,548.80",750.9
1/09/2014,6.2,"11,546.80",768
1/10/2014,6.4,"11,542.40",783.6
1/11/2014,6.3,"11,542.40",775.5
1/12/2014,6.1,"11,597.50",753.7
1/01/2015,6.4,"11,610.20",787.4
1/02/2015,6.2,"11,672.60",765.4
1/03/2015,6.1,"11,693.60",760
1/04/2015,6.1,"11,691.90",761
1/05/2015,5.9,"11,733.50",740
1/06/2015,6,"11,727.00",749.8
1/07/2015,6.3,"11,759.80",788
1/08/2015,6.1,"11,764.20",762.6
1/09/2015,6.2,"11,783.60",775.3
1/10/2015,5.9,"11,860.70",745.5
1/11/2015,5.8,"11,894.00",738.9
1/12/2015,5.7,"11,906.20",724.5
1/01/2016,6,"11,915.40",766
1/02/2016,5.7,"11,925.40",720
1/03/2016,5.7,"11,941.90",715.5
1/04/2016,5.6,"11,947.90",714.7
1/05/2016,5.7,"11,941.70",724.9
1/06/2016,5.7,"11,962.40",722.8
1/07/2016,5.7,"11,994.30",725
1/08/2016,5.6,"11,954.20",711.6
1/09/2016,5.7,"11,941.00",717.1
1/10/2016,5.6,"11,959.90",709.7
1/11/2016,5.8,"11,987.00",733.5
1/12/2016,5.8,"12,015.00",743.7
1/01/2017,5.7,"12,042.90",725.5
1/02/2017,5.9,"12,014.20",752.3
1/03/2017,5.8,"12,075.70",749.9
1/04/2017,5.6,"12,132.30",720.7
1/05/2017,5.6,"12,164.90",714.9
1/06/2017,5.6,"12,196.80",727.2
1/07/2017,5.6,"12,231.50",727.2
1/08/2017,5.5,"12,284.40",719.1
1/09/2017,5.5,"12,324.10",711.9
1/10/2017,5.4,"12,327.30",704.8
1/11/2017,5.5,"12,371.20",713.2
1/12/2017,5.6,"12,397.50",735.9
1/01/2018,5.5,"12,444.90",727.1
1/02/2018,5.6,"12,422.60",734.2
1/03/2018,5.5,"12,443.90",728.7
1/04/2018,5.5,"12,460.90",730.9
1/05/2018,5.4,"12,453.80",716.5
1/06/2018,5.3,"12,522.70",707.3
1/07/2018,5.3,"12,516.40",701
1/08/2018,5.2,"12,585.60",696.9
1/09/2018,5,"12,601.30",665.5
1/10/2018,5,"12,624.50",665.9
1/11/2018,5.1,"12,647.10",680
1/12/2018,5,"12,667.00",667.1
1/01/2019,5,"12,724.50",675.9
1/02/2019,5,"12,724.60",668.2
1/03/2019,5.1,"12,749.00",684
1/04/2019,5.2,"12,784.50",703.3
1/05/2019,5.2,"12,792.30",702.3
1/06/2019,5.3,"12,804.10",712
1/07/2019,5.3,"12,828.90",716
1/08/2019,5.3,"12,881.70",716
1/09/2019,5.2,"12,902.80",710.7
1/10/2019,5.3,"12,852.50",721.7
1/11/2019,5.2,"12,879.00",700.9
1/12/2019,5,"12,920.40",683.2
1/01/2020,5.2,"12,942.50",715.8
1/02/2020,5.1,"12,929.90",696.2
1/03/2020,5.2,"12,926.90",708.9
1/04/2020,6.3,"12,345.60",829.5
1/05/2020,7,"12,051.40",907
1/06/2020,7.4,"12,279.20",987.4
1/07/2020,7.5,"12,407.20",999.3
1/08/2020,6.8,"12,549.00",916.5
1/09/2020,6.9,"12,519.20",930.2
1/10/2020,7,"12,656.30",949.2
1/11/2020,6.8,"12,749.10",928.4
1/12/2020,6.5,"12,794.10",893.7
1/01/2021,6.3,"12,842.70",859.1
1/02/2021,5.8,"12,891.70",800
1/03/2021,5.7,"12,958.00",778.7
1/04/2021,5.5,"12,946.50",748
1/05/2021,5.1,"13,036.30",702.7
1/06/2021,5,"13,059.30",694
1/07/2021,4.7,"13,074.90",650
1/08/2021,4.6,"12,945.00",622.1
1/09/2021,4.7,"12,826.00",633
1/10/2021,5.3,"12,774.80",710.4
1/11/2021,4.6,"13,150.00",635.7
1/12/2021,4.2,"13,229.70",576.7
1/01/2022,4.2,"13,287.90",577.1
1/02/2022,4,"13,372.80",561.2
1/03/2022,4,"13,395.30",554.5
1/04/2022,3.9,"13,445.10",538.5
1/05/2022,3.9,"13,480.40",553.4
1/06/2022,3.6,"13,579.50",511.4
1/07/2022,3.5,"13,578.70",486.4
1/08/2022,3.5,"13,647.70",501.2
1/09/2022,3.6,"13,666.50",510.5
1/10/2022,3.5,"13,703.50",490.9
1/11/2022,3.5,"13,782.60",499.1
1/12/2022,3.5,"13,769.10",498.1
1/01/2023,3.7,"13,792.70",523.3
1/02/2023,3.6,"13,839.20",517
1/03/2023,3.6,"13,934.20",517.5
1/04/2023,3.7,"13,918.70",535.2
1/05/2023,3.6,"14,003.30",521.8
1/06/2023,3.5,"14,022.30",516.1
1/07/2023,3.7,"14,014.20",542.2
1/08/2023,3.7,"14,080.30",540.4
1/09/2023,3.6,"14,094.50",521.5
1/10/2023,3.8,"14,149.60",559
1/11/2023,3.9,"14,212.60",577.5
1/12/2023,3.9,"14,151.60",581.1
1/01/2024,4.1,"14,164.00",602.6
1/02/2024,3.7,"14,285.90",553.3
1/03/2024,3.9,"14,281.30",576.3
1/04/2024,4.1,"14,317.90",609.2
1/05/2024,4,"14,359.10",602.4
1/06/2024,4.1,"14,411.30",613.2
1/07/2024,4.2,"14,469.60",637.1
,,,
"February 1978 to July 2024 estimated monthly, before February 1978 estimated quarterly",,,
"Source: 6204.0.55.001 Labour Force Historical Timeseries, Australia, 1966-1984, Seasonally adjusted estimates of the labour force by sex and marital status - 1966-1977 and 6202.0 Labour Force, Australia, Table 1",,,
,,,
"Source: Australian Bureau of Statistics, Labour Force, Australia July 2024",,,
